<?xml version="1.0" encoding="UTF-8"?>

<mule xmlns:context="http://www.springframework.org/schema/context" xmlns:tracking="http://www.mulesoft.org/schema/mule/ee/tracking" xmlns:mulexml="http://www.mulesoft.org/schema/mule/xml" xmlns:data-mapper="http://www.mulesoft.org/schema/mule/ee/data-mapper" xmlns:http="http://www.mulesoft.org/schema/mule/http" xmlns:db="http://www.mulesoft.org/schema/mule/db" xmlns:https="http://www.mulesoft.org/schema/mule/https" xmlns:file="http://www.mulesoft.org/schema/mule/file" xmlns:json="http://www.mulesoft.org/schema/mule/json"
	xmlns:scripting="http://www.mulesoft.org/schema/mule/scripting"
	xmlns:amqp="http://www.mulesoft.org/schema/mule/amqp" xmlns="http://www.mulesoft.org/schema/mule/core" xmlns:doc="http://www.mulesoft.org/schema/mule/documentation"
	xmlns:spring="http://www.springframework.org/schema/beans" version="EE-3.5.1"
	xmlns:xsi="http://www.w3.org/2001/XMLSchema-instance"
	xsi:schemaLocation="http://www.mulesoft.org/schema/mule/json http://www.mulesoft.org/schema/mule/json/current/mule-json.xsd
http://www.mulesoft.org/schema/mule/scripting http://www.mulesoft.org/schema/mule/scripting/current/mule-scripting.xsd
http://www.springframework.org/schema/beans http://www.springframework.org/schema/beans/spring-beans-current.xsd
http://www.mulesoft.org/schema/mule/core http://www.mulesoft.org/schema/mule/core/current/mule.xsd
http://www.mulesoft.org/schema/mule/amqp http://www.mulesoft.org/schema/mule/amqp/current/mule-amqp.xsd
http://www.mulesoft.org/schema/mule/http http://www.mulesoft.org/schema/mule/http/current/mule-http.xsd
http://www.mulesoft.org/schema/mule/https http://www.mulesoft.org/schema/mule/https/current/mule-https.xsd
http://www.mulesoft.org/schema/mule/file http://www.mulesoft.org/schema/mule/file/current/mule-file.xsd
http://www.mulesoft.org/schema/mule/db http://www.mulesoft.org/schema/mule/db/current/mule-db.xsd
http://www.mulesoft.org/schema/mule/ee/data-mapper http://www.mulesoft.org/schema/mule/ee/data-mapper/current/mule-data-mapper.xsd
http://www.mulesoft.org/schema/mule/xml http://www.mulesoft.org/schema/mule/xml/current/mule-xml.xsd
http://www.mulesoft.org/schema/mule/ee/tracking http://www.mulesoft.org/schema/mule/ee/tracking/current/mule-tracking-ee.xsd
http://www.springframework.org/schema/context http://www.springframework.org/schema/context/spring-context-current.xsd">
    <amqp:connector name="AMQP_Connector" validateConnections="true" host="${AMQP.Host}" virtualHost="${AMQP.VH}" username="${AMQP.User}" password="${AMQP.Password}" doc:name="AMQP Connector"/>
    <https:connector name="HTTP_HTTPS" cookieSpec="rfc2109" validateConnections="true" sendBufferSize="0" receiveBufferSize="0" receiveBacklog="0" clientSoTimeout="10000" serverSoTimeout="10000" socketSoLinger="0" doc:name="HTTP-HTTPS"/>
    <db:oracle-config name="Oracle_Configuration" host="${Oracle.DB.Host}" port="1523" instance="${Oracle.DB.Instance}" user="${Oracle.DB.User}" password="${Oracle.DB.Password}" doc:name="Oracle Configuration"/>
    <data-mapper:config name="XML_To_Map" transformationGraphPath="xml_to_map.grf" doc:name="XML_To_Map"/>
    <data-mapper:config name="XML_To_JSON" transformationGraphPath="xml_to_json.grf" doc:name="XML_To_JSON"/>
    <context:property-placeholder location="${DCSDWorkday.local:DummyFile},DCSDWorkdayConfig-${mule.env}.properties,workday2gl-${mule.env}.properties" ignore-resource-not-found="true" />
    
       <!--<context:property-placeholder location="workday2gl-${mule.env}.properties" ignore-resource-not-found="true" /> -->
     <flow name="workday2glpayrollFlow1" doc:name="workday2glpayrollFlow1">
        <amqp:inbound-endpoint queueName="Wday2GLPayroll" responseTimeout="10000" connector-ref="AMQP_Connector" doc:name="AMQP"/>
         <json:json-to-object-transformer returnClass="java.util.Map" doc:name="JSON to Object"/>
        <set-session-variable variableName="GlStartDate" value="#[map-payload:GlStartDate]" doc:name="Session Variable GlStartDate"/>
        <set-session-variable variableName="GlEndDate" value="#[map-payload:GlEndDate]" doc:name="Session VariableGLEndDate"/>
        <set-session-variable variableName="AccountingStartDate" value="#[org.mule.util.StringUtils.substringBefore(sessionVars.GlStartDate,'T')]" doc:name="Session Variable AccountingDate"/>
        <set-session-variable variableName="AccountingEndDate" value="#[org.mule.util.StringUtils.substringBefore(sessionVars.GlEndDate,'T')]" doc:name="Session Variable Accounting End Date"/>
            <logger message="&quot;Accounting Date is:-&quot;#[sessionVars.AccountingStartDate] to #[sessionVars.AccountingEndDate]" level="INFO" doc:name="Logger"/>
        <https:outbound-endpoint exchange-pattern="request-response" method="GET" connector-ref="HTTP_HTTPS" address="https://${WD.User}:${WD.Password}@${WD.Host}%21WID=3cb8464a26c9108f64fcc3777c73255f&amp;Include_Beginning_Balance=0&amp;Year%21WID=3cb8464a26c9108f64553add6a4b24b9&amp;Include_System_Generated_Retained_Earnings=0&amp;Transaction_Date_Starting=#[sessionVars.AccountingStartDate]-07%3A00&amp;Transaction_Date_Ending=#[sessionVars.AccountingEndDate]-07%3A00&amp;format=simplexml" user="rstefani-impl" password="Workday1!" doc:name="HTTP" responseTimeout="100000"/>
          
      <data-mapper:transform config-ref="XML_To_JSON" doc:name="XML To JSON"/>
        <json:json-to-object-transformer returnClass="java.util.List" doc:name="JSON to Object"/>
        
        <db:insert config-ref="Oracle_Configuration" doc:name="Database" bulkMode="true">
            <db:parameterized-query><![CDATA[INSERT INTO GL_INTERFACE(STATUS,
SET_OF_BOOKS_ID,
ACCOUNTING_DATE,
CURRENCY_CODE,
USER_JE_SOURCE_NAME,
CREATED_BY,
ACTUAL_FLAG,
USER_JE_CATEGORY_NAME,
DATE_CREATED,
entered_dr,
entered_cr,
segment1,
segment2,
segment3,
segment4,
segment5,
segment6,
segment7,
segment8,
segment9,
currency_conversion_date,
period_name,
reference1
) 
values
(#[message.payload.Journal_Entry_Status_ID],
#[message.payload.Set_of_Books_Id],
to_char(to_date(#[message.payload.Accounting_Date],'YYYY-MM-DD'),'DD-MON-YYYY'),
#[message.payload.Currency_ID],
#[message.payload.Journal_Source_ID],
'0',
'A',
#[message.payload.User_Je_Category_Name],
to_char(to_date(#[message.payload.Date_Created],'YYYY-MM-DD'),'DD-MON-YYYY'),
to_number(#[message.payload.ledger_line_Debit_Amount]),
to_number(#[message.payload.ledger_line_Credit_Amount]),
#[message.payload.Segment1],
#[message.payload.Segment2],
#[message.payload.Segment3],
#[message.payload.Segment4],
#[message.payload.Segment5],
substr(#[message.payload.Segment6],instr(#[message.payload.Segment6],'.')+1),
#[message.payload.Segment7],
#[message.payload.Segment8],
#[message.payload.Segment9],
to_char(to_date(#[message.payload.curr_conv_date],'YYYY-MM-DD'),'DD-MON-YYYY'),
(select nvl((select period_name 
from GL_PERIODS 
where rownum=1 and to_char(to_date(#[message.payload.Accounting_Date],'YYYY-MM-DD'),'DD-MON-YYYY') 
      between start_date 
      and end_date),null) from dual),
concat('Workday_',to_char(sysdate,'DD-MON-RRRR'))
)]]></db:parameterized-query>
        </db:insert>
        <logger message="&quot;Successfully inserted records into Oracle DB&quot;" level="INFO" doc:name="Logger"/> 
        <catch-exception-strategy doc:name="Catch Exception Strategy">
            <set-payload value="#[['RequestKeyID':sessionVars['AccountingStartDate']+'  To ' +sessionVars['AccountingEndDate'],'BatchReference' :sessionVars['AccountingEndDate'],&quot;SourceSystem&quot; : &quot;WORKDAY&quot;,&quot;TargetSystem&quot; : &quot;ORACLEGL&quot;,&quot;NotificationFlag&quot; : &quot;Y&quot;,&quot;ExceptionType&quot; : &quot;TECH&quot;,&quot;MessageType&quot; : &quot;EXCEPTION&quot;,&quot;MessageText&quot; :org.mule.util.ExceptionUtils.getFullStackTrace(exception)]]" doc:name="Set Payload"/>
            <json:object-to-json-transformer doc:name="Object to JSON"/>
            <amqp:outbound-endpoint queueName="DCSDCommonAuditLogQ" responseTimeout="10000" connector-ref="AMQP_Connector" doc:name="AMQPErrorLogging"/>
        </catch-exception-strategy>
 
        
    </flow>
</mule>
